<?xml version="1.0" encoding="UTF-8"?>
<project-private xmlns="http://www.netbeans.org/ns/project-private/1">
    <editor-bookmarks xmlns="http://www.netbeans.org/ns/editor-bookmarks/2" lastBookmarkId="0"/>
    <open-files xmlns="http://www.netbeans.org/ns/projectui-open-files/2">
        <group>
            <file>file:/C:/Users/zelen/OneDrive/Desktop/COE528/Zelenovic_Danilo_coe528_Lab2/coe528Lab2/src/coe528lab2/Coe528Lab2.java</file>
            <file>file:/C:/Users/zelen/OneDrive/Desktop/COE528/Zelenovic_Danilo_coe528_Lab2/coe528Lab2/src/lab2/ProceduralAbstraction.java</file>
        </group>
    </open-files>
</project-private>
